site,plot,treatment,individual,type,obs,time,elapsed,date,hhmmss,rep name,TIME,E,A,Ca,Ci,Pci,Pca,gsw,gbw,gtw,gtc,Rabs,TleafEB,TleafCnd,SVPleaf,RHcham,VPcham,SVPcham,VPDleaf,LatHFlux,SenHFlux,NetTherm,EBSum,blfa_1,blfa_2,blfa_3,Leak,LeakPct,CorrFact,CorrFactPct,Fan,DarkAdaptedID,Fo,Fm,Fv,Fv/Fm,Adark,LightAdaptedID,Fs,Fm',PhiPS2,PS2/1,Qabs_fs,Afs,ETR,Fv'/Fm',PhiCO2,NPQ,DarkPulseID,Fo',Fv',qP,qN,qP_Fo,qN_Fo,ID,P1_dur,P2_dur,P3_dur,P1_Qmax,P1_Fmax,P2_dQdt,P3_ΔF,Qin,Qabs,alpha,convert,S,K,Geometry,TIME,CO2_s,CO2_r,H2O_s,H2O_r,Flow,Pa,ΔPcham,Tair,Tleaf,Tleaf2,Fan_speed,Qamb_in,Qamb_out,Q,f_red,f_blue,f_farred,F,Q_modavg,F_dc,Pc,Tled,TDigital,TPreamp,TPwrSpy,TDrive,Q_red,Q_blue,Q_farred,TSPF,F_avg,dF/dt,dF_dc/dt,F_dc_avg,period,time,hhmmss,count,co2_adj,h2o_adj,co2_at,h2o_at,co2_cv,h2o_cv,ΔCO2:MN,ΔCO2:SLP,ΔCO2:SD,ΔCO2:OK,F:MN,F:SLP,F:SD,F:OK,ΔH2O:MN,ΔH2O:SLP,ΔH2O:SD,ΔH2O:OK,Stable,Total,State,MatchValveR,MatchValveS,MatchCO2,MatchH2O,DIAG,Flow_s,Flow_r,Txchg,Tirga,Tchopper,Ts,Tr,CO2_%,Desiccant_%,Humidifier_%,Txchg_sp,CO2_r_sp,H2O_r_sp,SS_s,SS_r
Almont,1,Control,wyeamp_1,p,1,1623699165,0,20210614 14:32:45,14:32:45,default,1623699157,0.014127006,18.22145016,376.4364839,240.884838,17.85860871,27.90807393,0.286298393,1.827680565,0.263515143,0.1665926,321.4345153,37.2722893,36.28136129,6.061739706,31.22980932,2.311686861,7.402180515,3.750052846,-623.000963,363.555817,47.88582578,109.8751951,-0.030643491,0.034400003,2.724446208,75,13,1,0,37458.71161,0,0,0,0,#DIV/0!,-1,RECT-6795-20210614-14_32_46,614.7150769,799.867,0.231478387,0.5,1681.16641,18.22145016,194.5768445,1,0.011433401,-1,-,0,799.867,0.231478387,#DIV/0!,0.231478387,#DIV/0!,-,-,-,-,-,-,-,-,1999.963226,1681.16641,0.840598661,0.191197322,6,0.5,0: Broadleaf,1623699157,376.4364839,399.9759355,31.18105806,17.4945,599.9979355,74.03749355,0.100043919,39.9710129,36.28136129,999.9,9981.195161,0,1747.413871,1999.963226,0.979995226,0.0200048,0,614.726871,5.00005,17141.53548,16663.29677,52.44112903,54.062,52.923,53.49390323,54.59858065,1955.053226,39.91,0,1623789067,614.7150769,-0.754256412,77.05982837,17141.97692,15,1623698064,14:14:24,1,6.239,-1.086,400,23,0.33,0.26,-23.54068372,-0.062886741,0.035678754,1,614.7129143,0.27385784,0.168520346,1,13.67388837,0.225446693,0.023804252,0,2,3,3-Feb,100,100,6.239,-1.086,2,698.751,357.8,38.6813,38.3516,30.0009,37.8162,37.7569,25.9082,-30,-30,-999.9,400,20,110.032,97.2971
Almont,1,Control,wyeamp_1,p,2,1623699168,3,20210614 14:32:48,14:32:48,default,1623699158,0.014130988,18.22113115,376.4335806,240.8259613,17.85424152,27.90785524,0.286175785,1.827869451,0.263413366,0.166527331,321.4312871,37.27358154,36.28931935,6.064386928,31.22835183,2.311904922,7.403224269,3.752482006,-623.1765922,363.0691985,47.81922705,109.1431204,-0.030647884,0.034404935,2.724763679,75,12,1,0,37463.54959,0,0,0,0,#DIV/0!,-1,RECT-6796-20210614-14_32_49,623.9061923,751.701,0.1700075,0.5,1681.14959,18.22113115,142.9040194,1,0.011433326,-1,-,0,751.701,0.1700075,#DIV/0!,0.1700075,#DIV/0!,-,-,-,-,-,-,-,-,1999.943226,1681.14959,0.840598657,0.191197315,6,0.5,0: Broadleaf,1623699158,376.4335806,399.9742258,31.18400323,17.49359677,599.9965484,74.03749032,0.100037984,39.97365161,36.28931935,999.9,9982.626774,0,1747.350323,1999.943226,0.979995419,0.0200046,0,613.6122258,5.00005,17119.61935,16663.13226,52.44316129,54.06403226,52.925,53.49593548,54.6006129,1955.033871,39.90935484,0,2.5,623.9061923,128.2733415,84913.41521,22521.66923,15,1623698064,14:14:24,1,6.239,-1.086,400,23,0.33,0.26,-23.54150233,-0.084331622,0.036665829,1,623.4502286,132.8778901,37.95082968,0,13.68641395,0.267506494,0.02814164,0,1,3,3-Jan,100,100,6.239,-1.086,2,699.579,357.658,38.6921,38.3587,30.0011,37.824,37.7638,25.9099,-30,-30,-999.9,400,20,110.031,97.2951
Almont,1,Control,wyeamp_1,p,3,1623699172,6.5,20210614 14:32:51,14:32:51,default,1623699159,0.014174311,18.22323651,376.4128065,240.3499217,17.81892305,27.90627425,0.285305957,1.8282245,0.262679863,0.166057994,321.4218265,37.27083536,36.36190645,6.088579153,31.24446676,2.314819683,7.408734801,3.77375947,-625.0870962,357.3578751,47.07743516,100.7700405,-0.030656144,0.034414208,2.72536045,74,12,1,0,37471.56859,0,0,0,0,#DIV/0!,-1,RECT-6797-20210614-14_32_53,627.4682308,749.872,0.163232884,0.5,1681.100226,18.22323651,137.2054191,1,0.011434914,-1,-,0,749.872,0.163232884,#DIV/0!,0.163232884,#DIV/0!,-,-,-,-,-,-,-,-,1999.884516,1681.100226,0.840598651,0.191197301,6,0.5,0: Broadleaf,1623699159,376.4128065,399.9715806,31.22336452,17.49153871,599.9962903,74.03740968,0.100010119,39.98757742,36.36190645,999.9,9985.328065,0,1747.364194,1999.884516,0.97999571,0.02000431,0,611.0165161,5.00005,17069.60323,16662.64516,52.46735484,54.06809677,52.93306452,53.504,54.60867742,1954.976774,39.90774194,0,2.700000048,627.4682308,71.21389079,108460.5748,27504.32692,15,1623698064,14:14:24,1,6.239,-1.086,400,23,0.33,0.26,-23.55697209,-0.338838186,0.060697911,1,627.4584286,160.3930005,47.01676082,0,13.7273,0.707697286,0.101331744,0,1,3,3-Jan,100,100,6.239,-1.086,2,700.141,357.614,38.7048,38.3677,30.0014,37.8337,37.7741,25.9111,-30,-30,-999.9,400,20,110.029,97.2941
Almont,1,Control,wyeamp_1,p,4,1623699175,9.5,20210614 14:32:54,14:32:54,default,1623699160,0.014217513,18.21949075,376.3970968,240.1227788,17.80207875,27.90510252,0.284935747,1.828341503,0.262367168,0.16585796,321.4196794,37.26410517,36.41698387,6.106991541,31.26772519,2.317799182,7.412752823,3.78919236,-626.9923172,352.9521109,46.50863612,93.88810929,-0.030658866,0.034417263,2.725557115,74,12,1,0,37473.54595,0,0,0,0,#DIV/0!,-1,RECT-6798-20210614-14_32_56,631.7455769,739.854,0.146121293,0.5,1681.089097,18.21949075,122.8214562,1,0.011432762,-1,-,0,739.854,0.146121293,#DIV/0!,0.146121293,#DIV/0!,-,-,-,-,-,-,-,-,1999.87129,1681.089097,0.840598645,0.19119729,6,0.5,0: Broadleaf,1623699160,376.3970968,399.9681613,31.26356129,17.49045484,599.9963548,74.03740645,0.099994603,39.99772581,36.41698387,999.9,9986.215161,0,1747.336129,1999.87129,0.979995871,0.020004135,0,609.5864839,5.00005,17038.42903,16662.53548,52.48148387,54.07012903,52.93709677,53.506,54.61674194,1954.964194,39.90709677,0,2.299999952,631.7455769,20.70342247,104012.3623,32441.96923,15,1623698064,14:14:24,1,6.239,-1.086,400,23,0.33,0.26,-23.60975349,-1.021532738,0.130461332,0,628.5327429,100.3702028,55.4673672,0,13.87382093,2.447703812,0.328864199,0,0,3,0/3,100,100,6.239,-1.086,2,700.171,357.553,38.7158,38.3751,30.0013,37.8409,37.7834,25.9121,-30,-30,-999.9,400,20,110.027,97.2927
Almont,1,Control,wyeamp_1,p,5,1623699178,12.5,20210614 14:32:57,14:32:57,default,1623699161,0.014276451,18.21364206,376.3803871,239.9311019,17.78784731,27.90383074,0.284686118,1.828680813,0.262159218,0.165724667,321.419128,37.25370259,36.48287742,6.12908328,31.30212545,2.321882366,7.417650823,3.807200914,-629.5914818,347.7403013,45.8306093,85.3985568,-0.030666761,0.034426126,2.726127463,74,12,1,0,37481.32201,0,0,0,0,#DIV/0!,-1,RECT-6799-20210614-14_32_59,635.49,733.897,0.134088298,0.5,1681.086368,18.21364206,112.7070053,1,0.011429301,-1,-,0,733.897,0.134088298,#DIV/0!,0.134088298,#DIV/0!,-,-,-,-,-,-,-,-,1999.868065,1681.086368,0.840598636,0.191197272,6,0.5,0: Broadleaf,1623699161,376.3803871,399.9674839,31.31867419,17.48929677,599.998,74.03733871,0.099974765,40.01009032,36.48287742,999.9,9988.795806,0,1747.322903,1999.868065,0.979996258,0.020003761,0,608.1403548,5.00005,17006.42581,16662.50645,52.49964516,54.07216129,52.94112903,53.51003226,54.62683871,1954.961935,39.90645161,0,2.099999905,635.49,-78.65811301,53643.0628,37361.22308,15,1623698064,14:14:24,1,6.239,-1.086,400,23,0.33,0.26,-23.68211628,-1.552448733,0.17604153,0,630.1590286,40.87351962,62.58687552,0,14.12126744,4.839953949,0.571099444,0,0,3,0/3,100,100,6.239,-1.086,2,700.387,357.556,38.7269,38.3825,30.0011,37.8489,37.792,25.912,-30,-30,-999.9,400,20,110.025,97.2919
Almont,1,Control,wyeamp_1,p,6,1623699181,15.5,20210614 14:33:00,14:33:00,default,1623699161,0.014348603,18.2047661,376.3596774,239.7666887,17.77564822,27.90227977,0.284522397,1.829090162,0.262024912,0.165638387,321.4156061,37.24008974,36.55831935,6.154461435,31.34573987,2.326892269,7.423312635,3.827569166,-632.7733801,341.7873516,45.05538306,75.4849607,-0.030676287,0.034436819,2.726815572,74,12,1,0,37490.77984,0,0,0,0,#DIV/0!,-1,RECT-6800-20210614-14_33_02,630.6788077,730.37,0.136494095,0.5,1681.068174,18.2047661,114.7279397,1,0.011424145,-1,-,0,730.37,0.136494095,#DIV/0!,0.136494095,#DIV/0!,-,-,-,-,-,-,-,-,1999.846452,1681.068174,0.840598623,0.191197247,6,0.5,0: Broadleaf,1623699161,376.3596774,399.9647742,31.38626774,17.48795806,599.9975806,74.03732258,0.099949419,40.02437419,36.55831935,999.9,9991.900645,0,1747.252581,1999.846452,0.979996645,0.020003387,0,606.603871,5.00005,16971.91935,16662.32903,52.52183871,54.07619355,52.94516129,53.51406452,54.63893548,1954.941613,39.90516129,0,2.5,630.6788077,-123.7981828,-21170.47721,39442.86538,15,1623698064,14:14:24,1,6.239,-1.086,400,23,0.33,0.26,-23.75836512,-1.80946769,0.198232352,0,632.8667714,-1.44321085,68.13997021,0,14.39604651,6.775310459,0.74303381,0,0,3,0/3,100,100,6.239,-1.086,2,700.638,357.504,38.738,38.3899,30.0011,37.8561,37.8005,25.9152,-30,-30,-999.9,400,20,110.023,97.2901
Almont,1,Control,wyeamp_1,p,7,1623699184,18.5,20210614 14:33:03,14:33:03,default,1623699162,0.014430908,18.19411489,376.3375161,239.622891,17.76497251,27.90061333,0.284430021,1.829339314,0.261949327,0.165589811,321.410903,37.22377189,36.64080645,6.182313918,31.39622166,2.33260653,7.429577211,3.849707389,-636.403059,335.256368,44.20930837,64.47352027,-0.030682085,0.034443328,2.727234408,74,12,1,0,37495.68493,0,0,0,0,#DIV/0!,-1,RECT-6801-20210614-14_33_05,632.7109231,731.548,0.135106756,0.5,1681.043506,18.19411489,113.5601672,1,0.011417976,-1,-,0,731.548,0.135106756,#DIV/0!,0.135106756,#DIV/0!,-,-,-,-,-,-,-,-,1999.817097,1681.043506,0.840598627,0.191197254,6,0.5,0: Broadleaf,1623699162,376.3375161,399.9626452,31.46337097,17.48643548,599.9969032,74.03727419,0.099935452,40.04016774,36.64080645,999.9,9993.795806,0,1747.172903,1999.817097,0.979996581,0.020003439,0,605.0055484,5.00005,16936.3129,16662.0871,52.55006452,54.08022581,52.94919355,53.52009677,54.65306452,1954.912581,39.90483871,0,2.299999952,632.7109231,-169.1818226,-65616.26629,41579.98077,15,1623698064,14:14:24,1,6.239,-1.086,400,23,0.33,0.26,-23.84432093,-2.011207088,0.215907105,0,635.4677143,-57.70941002,71.26884633,0,14.71621628,8.160353582,0.860088078,0,0,3,0/3,100,100,6.239,-1.086,2,700.699,357.244,38.7492,38.3972,30.0011,37.8642,37.8085,25.9153,-30,-30,-999.9,400,20,110.021,97.2884
Almont,1,Control,wyeamp_1,p,8,1623699187,22,20210614 14:33:07,14:33:07,default,1623699165,0.014611043,18.16640169,376.2963871,239.4147006,17.74949214,27.8974923,0.284400782,1.829873597,0.261930522,0.165577243,321.4166329,37.18791503,36.81404516,6.241166016,31.50702458,2.345125853,7.443184127,3.896040163,-644.3469989,321.6441818,42.44422614,41.15804186,-0.030694521,0.034457288,2.728132607,74,12,1,0,37506.15351,0,0,0,0,#DIV/0!,-1,RECT-6802-20210614-14_33_08,630.2415769,745.732,0.154868536,0.5,1681.073835,18.16640169,130.1727219,1,0.011401285,-1,-,0,745.732,0.154868536,#DIV/0!,0.154868536,#DIV/0!,-,-,-,-,-,-,-,-,1999.853226,1681.073835,0.840598607,0.191197213,6,0.5,0: Broadleaf,1623699165,376.2963871,399.961,31.63231935,17.48338065,599.9967419,74.0371129,0.099905839,40.07443226,36.81404516,999.9,9997.868065,0,1746.94,1999.853226,0.97999729,0.020002742,0,601.873871,5.00005,16868.56452,16662.39032,52.61058065,54.08829032,52.95725806,53.53216129,54.6893871,1954.949355,39.90419355,0,2.699999809,630.2415769,-227.31514,-93139.30703,41417.6,15,1623698064,14:14:24,1,6.239,-1.086,400,23,0.33,0.26,-23.93102093,-1.868632309,0.20435252,0,626.9561143,-3.471376817,68.26214473,0,15.129,8.555537031,0.891142831,0,0,3,0/3,100,100,6.239,-1.086,2,700.743,357.219,38.7605,38.4057,30.0009,37.8727,37.8171,25.9146,-30,-30,-999.9,400,20,110.019,97.2872
Almont,1,Control,wyeamp_1,p,9,1623699190,25,20210614 14:33:10,14:33:10,default,1623699166,0.01470531,18.15180499,376.2762581,239.3659735,17.74585869,27.89596703,0.284523034,1.829994423,0.262035629,0.165644313,321.4191375,37.16872341,36.89919677,6.270271328,31.56511433,2.35167296,7.450227916,3.918598368,-648.5041797,315.0123254,41.58689051,29.5141737,-0.030697333,0.034460446,2.72833574,74,12,1,0,37507.32564,0,0,0,0,#DIV/0!,-1,RECT-6803-20210614-14_33_11,630.1398077,726.902,0.13311587,0.5,1681.087103,18.15180499,111.8896863,1,0.011392512,-1,-,0,726.902,0.13311587,#DIV/0!,0.13311587,#DIV/0!,-,-,-,-,-,-,-,-,1999.869032,1681.087103,0.840598597,0.191197194,6,0.5,0: Broadleaf,1623699166,376.2762581,399.9614839,31.72066774,17.48172258,599.9959032,74.03702903,0.099902097,40.09214839,36.89919677,999.9,9998.795484,0,1746.798065,1999.869032,0.979997645,0.020002394,0,600.3199677,5.00005,16834.27097,16662.52581,52.64283871,54.09232258,52.96129032,53.53819355,54.70751613,1954.965484,39.90387097,0,2.099999905,630.1398077,-162.5097866,-69240.86085,41430.73077,15,1623698064,14:14:24,1,6.239,-1.086,400,23,0.33,0.26,-24.01532791,-1.310424024,0.147185271,0,625.1634286,5.809739912,68.99403156,0,15.50120233,7.504276169,0.793021379,0,0,3,0/3,100,100,6.239,-1.086,2,700.685,357.201,38.7716,38.4122,30.0009,37.8799,37.8242,25.9136,-30,-30,-999.9,400,20,110.017,97.2861
Almont,1,Control,wyeamp_1,p,10,1623699213,47.5,20210614 14:33:32,14:33:32,default,1623699205,0.015810992,17.5472761,376.4525484,248.1889742,18.39923161,27.90791834,0.302416404,1.829353128,0.277138052,0.175306024,321.4735338,37.01658861,37.28395484,6.403258049,32.07066273,2.425694514,7.563593352,3.977563534,-697.2647497,304.8810906,40.39307794,-30.51704736,-0.030682407,0.034443689,2.727257632,75,12,1,0,37455.89291,0,0,0,0,#DIV/0!,-1,RECT-6804-20210614-14_33_34,610.5916923,781.768,0.218960494,0.5,1681.372287,17.5472761,184.0770535,1,0.011031035,-1,-,0,781.768,0.218960494,#DIV/0!,0.218960494,#DIV/0!,-,-,-,-,-,-,-,-,2000.208387,1681.372287,0.840598558,0.191197117,6,0.5,0: Broadleaf,1623699205,376.4525484,399.9519355,32.72042258,17.42675806,599.9994194,74.03389677,0.100063703,40.3753,37.28395484,999.9,9994.356452,0,1745.261613,2000.208387,0.979998032,0.020001829,0,610.6872581,5.00005,17098.48387,16665.37097,53.45145161,54.264,53.22754839,53.78,55.375,1955.300645,39.90806452,0,21.69999981,610.5916923,-24.13552139,-390.6290588,17104.23462,15,1623698064,14:14:24,1,6.239,-1.086,400,23,0.33,0.26,-23.66357209,2.458853891,0.26634704,0,608.4169429,16.12195049,21.19847577,0,15.68170698,-6.839772295,0.727157634,0,0,3,0/3,100,100,6.239,-1.086,2,699.407,356.432,38.8522,38.4639,30.0009,37.9351,37.8742,25.9207,-30,-30,-999.9,400,20,110.005,97.2817
Almont,1,Control,wyeamp_2,p,11,1623699622,456.6000001,20210614 14:40:21,14:40:21,default,1623699614,0.016328815,16.74179805,377.0630645,271.6695757,20.13640931,27.94827572,0.366221314,1.828320103,0.329818944,0.209105096,321.4404072,36.79443306,35.61529032,5.843700154,31.46147592,2.377600458,7.557180292,3.466099696,-720.1007245,467.6173612,61.4897852,130.4468292,-0.030658369,0.034416705,2.725521144,74,12,1,0,37429.37185,0,0,0,0,#DIV/0!,-1,RECT-6805-20210614-14_40_23,669.7289615,862.132,0.223171206,0.5,1681.19999,16.74179805,187.597715,1,0.010553056,-1,-,0,862.132,0.223171206,#DIV/0!,0.223171206,#DIV/0!,-,-,-,-,-,-,-,-,2000.003548,1681.19999,0.840598504,0.191197008,6,0.5,0: Broadleaf,1623699614,377.0630645,399.9617742,32.07730323,16.27232903,600.002129,74.02073871,0.100219684,40.35938065,35.61529032,999.9,9988.301613,0,1753.152581,2000.003548,0.980000129,0.0200002,0,669.7830323,5.00005,19457.3129,16663.66774,53.054,54.772,53.75,54.125,55.308,1955.103226,39.90032258,0,408.3,669.7289615,-5.631623934,-172.7931624,19456.16154,15,1623698064,14:14:24,1,6.239,-1.086,400,23,0.33,0.26,-22.86174186,-0.476652047,0.069431463,1,670.1654857,-6.651567061,0.702575929,0,15.79523488,0.153103781,0.016317374,0,1,3,3-Jan,100,100,6.239,-1.086,2,700.372,345.433,39.5417,39.4371,30.0005,38.9249,38.8667,26.0285,-30,-30,-999.9,400,20,109.743,97.1367
Almont,1,Control,wyeamp_2,p,12,1623699625,459.6000001,20210614 14:40:24,14:40:24,default,1623699614,0.016332441,16.74344959,377.0574839,271.5816663,20.12988992,27.94785726,0.365947627,1.828240405,0.329595344,0.208961452,321.440186,36.79582742,35.62542903,5.8469673,31.4596069,2.377833171,7.558368983,3.469134129,-720.2606596,466.8885877,61.40049642,129.4686105,-0.030656514,0.034414623,2.725387183,74,12,1,0,37426.84731,0,0,0,0,#DIV/0!,-1,RECT-6806-20210614-14_40_26,678.6391538,811.14,0.16335139,0.5,1681.198655,16.74344959,137.3130682,1,0.010554047,-1,-,0,811.14,0.16335139,#DIV/0!,0.16335139,#DIV/0!,-,-,-,-,-,-,-,-,2000.001935,1681.198655,0.840598514,0.191197028,6,0.5,0: Broadleaf,1623699614,377.0574839,399.9590968,32.08044839,16.27203226,600.0027742,74.02073226,0.100213368,40.36233226,35.62542903,999.9,9987.698387,0,1753.177742,2000.001935,0.979999806,0.020000519,0,668.7763871,5.00005,19437.07419,16663.65161,53.054,54.774,53.75,54.125,55.308,1955.100968,39.90096774,0,2.699999809,678.6391538,128.1806927,91420.8254,25192.83846,15,1623698064,14:14:24,1,6.239,-1.086,400,23,0.33,0.26,-22.88815349,-0.130714151,0.043698498,1,677.3929429,100.2146269,38.37931789,0,15.8061814,0.188502773,0.021358417,0,1,3,3-Jan,100,100,6.239,-1.086,2,701.023,345.259,39.5482,39.4416,30.0008,38.9303,38.8724,26.0286,-30,-30,-999.9,400,20,109.744,97.1359
Almont,1,Control,wyeamp_2,p,13,1623699628,462.6000001,20210614 14:40:27,14:40:27,default,1623699615,0.016353861,16.75037421,377.0416452,271.3111582,20.10983932,27.94668288,0.365192484,1.828240463,0.328982143,0.208567184,321.4397741,36.79432729,35.66317097,5.859143395,31.46773009,2.379324641,7.561157523,3.479818754,-721.2052618,463.8509204,61.01410689,125.0995396,-0.030656516,0.034414625,2.72538728,74,12,1,0,37426.02216,0,0,0,0,#DIV/0!,-1,RECT-6807-20210614-14_40_29,685.2139231,805.48,0.149309824,0.5,1681.196487,16.75037421,125.5095757,1,0.010558179,-1,-,0,805.48,0.149309824,#DIV/0!,0.149309824,#DIV/0!,-,-,-,-,-,-,-,-,1999.999355,1681.196487,0.840598515,0.191197029,6,0.5,0: Broadleaf,1623699615,377.0416452,399.958,32.10057097,16.27175161,600.0027742,74.02073548,0.100209087,40.36925484,35.66317097,999.9,9987.698387,0,1753.198387,1999.999355,0.979999774,0.020000532,0,667.5906129,5.00005,19413.66129,16663.63226,53.06006452,54.776,53.75,54.127,55.31003226,1955.098387,39.90096774,0,2.5,685.2139231,141.8924251,131551.0764,30736.81923,15,1623698064,14:14:24,1,6.239,-1.086,400,23,0.33,0.26,-22.9258,-0.437839963,0.090206337,1,683.3913429,168.4226774,49.04872087,0,15.84499767,0.668730769,0.107205106,0,1,3,3-Jan,100,100,6.239,-1.086,2,701.611,345.184,39.5548,39.4464,30.0011,38.9359,38.8789,26.0284,-30,-30,-999.9,400,20,109.743,97.1356
Almont,1,Control,wyeamp_2,p,14,1623699631,465.5,20210614 14:40:30,14:40:30,default,1623699616,0.016398155,16.75583856,377.0202903,270.9955681,20.08645923,27.94511639,0.364395545,1.828070799,0.32833174,0.208149292,321.4380389,36.78642526,35.72159677,5.878035856,31.49225466,2.38242716,7.565120966,3.495608696,-723.1586435,459.0190574,60.40394607,117.7023989,-0.030652568,0.034410193,2.725102104,73,12,1,0,37420.22498,0,0,0,0,#DIV/0!,-1,RECT-6808-20210614-14_40_32,690.4688846,801.166,0.138170011,0.5,1681.187526,16.75583856,116.1448498,1,0.010561486,-1,-,0,801.166,0.138170011,#DIV/0!,0.138170011,#DIV/0!,-,-,-,-,-,-,-,-,1999.98871,1681.187526,0.840598508,0.191197016,6,0.5,0: Broadleaf,1623699616,377.0202903,399.9584194,32.14240968,16.27143226,600.0038387,74.02076774,0.100220197,40.37909032,35.72159677,999.9,9986.408065,0,1753.179032,1999.98871,0.979999935,0.020000355,0,666.309,5.00005,19388.95806,16663.54516,53.07216129,54.778,53.75,54.129,55.31406452,1955.088387,39.90032258,0,2.299999952,690.4688846,86.45760906,129666.1282,36176.81923,15,1623698064,14:14:24,1,6.239,-1.086,400,23,0.33,0.26,-23.00403953,-1.322549772,0.194510595,0,687.3899143,178.3035417,56.6974036,0,15.9743,2.281873423,0.322105964,0,0,3,0/3,100,100,6.239,-1.086,2,701.935,345.242,39.5614,39.4503,30.0007,38.9415,38.8855,26.0291,-30,-30,-999.9,400,20,109.742,97.1348
Almont,1,Control,wyeamp_2,p,15,1623699634,468.6000001,20210614 14:40:33,14:40:33,default,1623699616,0.01646051,16.76068914,376.9926452,270.6650417,20.0619562,27.94306161,0.36365236,1.828408942,0.327733703,0.207764272,321.438366,36.77442601,35.79365806,5.901410336,31.53002863,2.386804116,7.569939577,3.51460622,-725.9085,453.1787611,59.64844483,108.3570719,-0.030660436,0.034419025,2.725670472,73,12,1,0,37428.01205,0,0,0,0,#DIV/0!,-1,RECT-6809-20210614-14_40_35,694.0739231,798.367,0.130633001,0.5,1681.189161,16.76068914,109.8093925,1,0.010564361,-1,-,0,798.367,0.130633001,#DIV/0!,0.130633001,#DIV/0!,-,-,-,-,-,-,-,-,1999.990645,1681.189161,0.840598512,0.191197025,6,0.5,0: Broadleaf,1623699616,376.9926452,399.9586774,32.20146774,16.2711129,600.003871,74.02078065,0.100192194,40.39104194,35.79365806,999.9,9988.969355,0,1753.155484,1999.990645,0.979999774,0.020000506,0,664.9476129,5.00005,19362.6129,16663.55806,53.08829032,54.78,53.75,54.131,55.32012903,1955.09,39.90064516,0,2.599999905,694.0739231,-110.81011,32791.13755,41575.47692,15,1623698064,14:14:24,1,6.239,-1.086,400,23,0.33,0.26,-23.10257907,-2.389247351,0.287861748,0,689.9635714,122.2408706,64.10118742,0,16.18984419,4.565631082,0.561544976,0,0,3,0/3,100,100,6.239,-1.086,2,701.948,345.203,39.5683,39.4551,30.0007,38.9471,38.8911,26.0298,-30,-30,-999.9,400,20,109.742,97.1353
Almont,1,Control,wyeamp_2,p,16,1623699637,472.1000001,20210614 14:40:37,14:40:37,default,1623699618,0.016611667,16.77296871,376.9267097,269.9733362,20.01072098,27.9382228,0.36231297,1.828222354,0.32664129,0.207062311,321.4371485,36.74153085,35.95653548,5.954540529,31.6247439,2.397411871,7.58081039,3.557128657,-732.5744947,439.7339707,57.93752574,86.53415027,-0.030656094,0.034414152,2.725356843,73,12,1,0,37419.71382,0,0,0,0,#DIV/0!,-1,RECT-6810-20210614-14_40_38,690.8630769,808.82,0.145838287,0.5,1681.182668,16.77296871,122.5904,1,0.010571706,-1,-,0,808.82,0.145838287,#DIV/0!,0.145838287,#DIV/0!,-,-,-,-,-,-,-,-,1999.982903,1681.182668,0.84059852,0.191197039,6,0.5,0: Broadleaf,1623699618,376.9267097,399.960871,32.34452581,16.2702871,600.0049032,74.02090645,0.100194774,40.41798065,35.95653548,999.9,9987.538065,0,1753.003548,1999.982903,0.979999548,0.020000706,0,662.2090323,5.00005,19309.1871,16663.49032,53.1286129,54.78,53.75,54.13906452,55.33625806,1955.081935,39.90096774,0,3.099999905,690.8630769,-195.2524117,-63586.50472,44006.95769,15,1623698064,14:14:24,1,6.239,-1.086,400,23,0.33,0.26,-23.25131163,-3.424208316,0.371633604,0,692.5876286,38.77835707,70.83294733,0,16.51747442,7.1069368,0.787060312,0,0,3,0/3,100,100,6.239,-1.086,2,701.983,345.087,39.5762,39.4587,30.0005,38.9528,38.8977,26.0311,-30,-30,-999.9,400,20,109.741,97.1357
Almont,1,Control,wyeamp_2,p,17,1623699640,475,20210614 14:40:40,14:40:40,default,1623699619,0.016694154,16.77773132,376.8936774,269.6603678,19.98752844,27.93578143,0.361784878,1.828422465,0.326215138,0.206788058,321.4322394,36.72353024,36.03967097,5.981818918,31.67723236,2.40320205,7.586527835,3.578616868,-736.2122058,432.9824105,57.06838835,75.27083244,-0.03066075,0.034419378,2.725693203,73,12,1,0,37423.47655,0,0,0,0,#DIV/0!,-1,RECT-6811-20210614-14_40_41,689.208,792.084,0.129880164,0.5,1681.156916,16.77773132,109.1744682,1,0.010574701,-1,-,0,792.084,0.129880164,#DIV/0!,0.129880164,#DIV/0!,-,-,-,-,-,-,-,-,1999.952258,1681.156916,0.840598524,0.191197048,6,0.5,0: Broadleaf,1623699619,376.8936774,399.963129,32.42263548,16.26989032,600.0052258,74.02093548,0.100184352,40.43213548,36.03967097,999.9,9989.050968,0,1752.931613,1999.952258,0.979999387,0.020000858,0,660.7866452,5.00005,19282.05161,16663.23226,53.15280645,54.78403226,53.75,54.14309677,55.34635484,1955.051613,39.90064516,0,2.299999952,689.208,-97.87390249,-37978.81888,43915.68462,15,1623698064,14:14:24,1,6.239,-1.086,400,23,0.33,0.26,-23.40694419,-3.910647059,0.413880627,0,697.2607429,-4.227442538,76.20569249,0,16.84152326,8.483825457,0.901388401,0,0,3,0/3,100,100,6.239,-1.086,2,702.031,345.061,39.5828,39.4636,30.0004,38.9575,38.9034,26.0293,-30,-30,-999.9,400,20,109.74,97.1352
Almont,1,Control,wyeamp_2,p,18,1623699643,478,20210614 14:40:43,14:40:43,default,1623699620,0.016779234,16.77884919,376.8600323,269.3410612,19.96386099,27.93328749,0.361189062,1.828520854,0.325731956,0.20647732,321.4351225,36.70546039,36.12664194,6.010471917,31.73022905,2.409173333,7.592675516,3.601298585,-739.9642325,425.9315377,56.16359907,63.56602678,-0.030663039,0.034421948,2.725858584,73,12,1,0,37424.34112,0,0,0,0,#DIV/0!,-1,RECT-6812-20210614-14_40_44,692.7164231,787.494,0.120353396,0.5,1681.17209,16.77884919,101.1673848,1,0.01057527,-1,-,0,787.494,0.120353396,#DIV/0!,0.120353396,#DIV/0!,-,-,-,-,-,-,-,-,1999.970323,1681.17209,0.840598519,0.191197037,6,0.5,0: Broadleaf,1623699620,376.8600323,399.9620645,32.50319677,16.26950968,600.0062258,74.02093548,0.100184029,40.44734516,36.12664194,999.9,9989.796774,0,1752.852903,1999.970323,0.979999613,0.020000606,0,659.2815161,5.00005,19253.53548,16663.3871,53.17903226,54.78603226,53.752,54.14712903,55.35845161,1955.069677,39.90064516,0,2.099999905,692.7164231,-189.8995816,-78151.63668,46570.20385,15,1623698064,14:14:24,1,6.239,-1.086,400,23,0.33,0.26,-23.55243023,-3.672469798,0.39496803,0,693.7836571,-49.12671235,77.25612361,0,17.18134651,8.615390449,0.910109119,0,0,3,0/3,100,100,6.239,-1.086,2,702.211,344.945,39.5894,39.4674,30.0006,38.962,38.9071,26.0326,-30,-30,-999.9,400,20,109.739,97.1348
Almont,1,Control,wyeamp_2,p,19,1623699646,481.1000001,20210614 14:40:46,14:40:46,default,1623699621,0.016869471,16.77902174,376.8240645,269.0193935,19.94002708,27.93063337,0.36060678,1.828683673,0.325260743,0.206174188,321.43773,36.68678548,36.21732903,6.040476103,31.78566532,2.415505497,7.599354843,3.624970606,-743.9436677,418.6567795,55.22785729,51.37869914,-0.030666828,0.034426201,2.726132271,73,12,1,0,37426.80613,0,0,0,0,#DIV/0!,-1,RECT-6813-20210614-14_40_47,684.8151154,784.581,0.127158171,0.5,1681.1859,16.77902174,106.8882617,1,0.010575286,-1,-,0,784.581,0.127158171,#DIV/0!,0.127158171,#DIV/0!,-,-,-,-,-,-,-,-,1999.986774,1681.1859,0.840598509,0.191197018,6,0.5,0: Broadleaf,1623699621,376.8240645,399.9596452,32.5886129,16.26908065,600.0068387,74.02097419,0.100176771,40.46385806,36.21732903,999.9,9991.025806,0,1752.658065,1999.986774,0.979999935,0.020000255,0,657.7532258,5.00005,19216.83226,16663.52581,53.21129032,54.79006452,53.754,54.15116129,55.37258065,1955.086452,39.90032258,0,2.5,684.8151154,-114.5842424,-39024.75032,43633.25,15,1623698064,14:14:24,1,6.239,-1.086,400,23,0.33,0.26,-23.72915814,-2.541093661,0.287630778,0,686.1050571,11.29855348,74.6436845,0,17.59567209,7.105301259,0.773091805,0,0,3,0/3,100,100,6.239,-1.086,2,702.548,344.807,39.5961,39.4713,30.0005,38.9668,38.9118,26.0358,-30,-30,-999.9,400,20,109.739,97.1348
Almont,1,Control,achmil_1,p,20,1623700238,1072.7,20210614 14:50:37,14:50:37,default,1623700230,0.000465199,-0.100936216,399.8992258,370.4760651,27.46095336,29.64189869,0.00426001,1.82978799,0.004254508,0.002659561,321.4398544,44.96434304,43.14775161,8.754987824,14.27237959,1.194067341,8.366280709,7.560920483,-20.51527689,-85.48635849,-11.75145088,203.6867681,-0.030692528,0.034455051,2.727988686,76,13,1,0,37241.03662,0,0,0,0,#DIV/0!,-1,RECT-6814-20210614-14_50_39,75.57165385,79.554,0.050058403,0.5,1681.194339,-0.100936216,42.07895146,1,0.000534777,-1,-,0,79.554,0.050058403,#DIV/0!,0.050058403,#DIV/0!,-,-,-,-,-,-,-,-,1999.996452,1681.194339,0.840598661,0.191197321,6,0.5,0: Broadleaf,1623700230,399.8992258,399.9843226,16.10917742,15.65147097,599.9981613,74.02336452,0.100056532,42.28116774,43.14775161,999.9,9999.075806,0,1893.228387,1999.996452,0.979993419,0.0200062,0,75.57883871,5.00005,6026.45,16663.5871,54.06606452,55.5,54.639,54.562,56.304,1955.085806,39.91064516,0,590.8999999,75.57165385,0.738399994,-39.40239318,6026.147692,15,1623700261,14:51:01,3,7.315,-1.105,400,16,0.8,0.25,-0.335442814,0.055867683,0.047554576,1,75.60176286,-0.142324486,0.20109627,1,0.454125791,-0.027916164,0.003735591,1,3,3,3-Mar,100,100,7.315,-1.105,2,696.676,333.665,40.6821,39.9002,30.0014,39.4586,39.3915,26.1617,-30,-30,-999.9,400,20,109.602,97.0904
Almont,1,Control,achmil_1,p,21,1623700262,1096.9,20210614 14:51:02,14:51:02,default,1623700230,0.000462149,0.085368615,399.7142258,305.7063028,22.659997,29.62818586,0.004231922,1.82978799,0.004226492,0.002642045,321.4398544,44.96554255,43.14775161,8.754987824,14.26972166,1.19384497,8.366280709,7.561142854,-20.38074902,-85.48635849,-11.75145088,203.821296,-0.030692528,0.034455051,2.727988686,460,77,1,0,37241.03662,0,0,0,0,#DIV/0!,-1,RECT-6815-20210614-14_51_03,75.21233846,78.6676,0.043922295,0.5,1681.194339,0.085368615,36.92095689,1,0.000645594,-1,-,0,78.6676,0.043922295,#DIV/0!,0.043922295,#DIV/0!,-,-,-,-,-,-,-,-,1999.996452,1681.194339,0.840598661,0.191197321,6,0.5,0: Broadleaf,1623700230,399.7142258,399.9843226,16.10617742,15.65147097,599.9981613,74.02336452,0.100056532,42.28116774,43.14775161,999.9,9999.075806,0,1893.228387,1999.996452,0.979993419,0.0200062,0,75.57883871,5.00005,6026.45,16663.5871,54.06606452,55.5,54.639,54.562,56.304,1955.085806,39.91064516,0,23.70000005,75.21233846,-0.600376074,-1.87521363,6019.718846,15,1623700290,14:51:29,4,7.386,-1.103,400,16,0.67,0.18,-0.103038759,1.238876075,0.153116561,0,75.20727143,-0.203678323,0.17178492,1,0.04352752,-0.694730789,0.111366567,0,1,3,3-Jan,100,100,7.386,-1.103,2,146.538,147.732,40.7429,39.9739,30.0014,39.5922,39.5354,26.1617,-30,-30,-999.9,400,20,109.575,97.0717
Almont,1,Control,achmil_1,p,22,1623700290,1125.3,20210614 14:51:30,14:51:30,default,1623700230,0.000461132,0.184820407,399.6152258,270.865659,20.07748929,29.62084764,0.00422256,1.82978799,0.004217154,0.002636206,321.4398544,44.96594238,43.14775161,8.754987824,14.26883568,1.193770847,8.366280709,7.561216977,-20.33590658,-85.48635849,-11.75145088,203.8661384,-0.030692528,0.034455051,2.727988686,460,77,1,0,37241.03662,0,0,0,0,#DIV/0!,-1,RECT-6816-20210614-14_51_31,74.97575385,78.1212,0.040263669,0.5,1681.194339,0.184820407,33.84552635,1,0.000704749,-1,-,0,78.1212,0.040263669,#DIV/0!,0.040263669,#DIV/0!,-,-,-,-,-,-,-,-,1999.996452,1681.194339,0.840598661,0.191197321,6,0.5,0: Broadleaf,1623700230,399.6152258,399.9843226,16.10517742,15.65147097,599.9981613,74.02336452,0.100056532,42.28116774,43.14775161,999.9,9999.075806,0,1893.228387,1999.996452,0.979993419,0.0200062,0,75.57883871,5.00005,6026.45,16663.5871,54.06606452,55.5,54.639,54.562,56.304,1955.085806,39.91064516,0,28.10000014,74.97575385,-0.835398272,-26.14632478,6010.946923,15,1623700312,14:51:51,5,7.358,-1.102,400,15,1.3,0.19,-0.049854366,-0.048700243,0.039689384,1,74.99953429,-0.402041994,0.202283558,1,0.022803968,-0.369290728,0.067781747,0,2,3,3-Feb,100,100,7.358,-1.102,2,146.657,146.85,40.8069,40.0633,30.0014,39.671,39.6143,26.1625,-30,-30,-999.9,400,20,109.546,97.05
Almont,1,Control,geutri_1,p,23,1623700802,1637.3,20210614 15:00:02,15:00:02,default,1623700794,0.005078846,2.843544168,395.1444839,261.7471327,19.40037073,29.28761588,0.054885191,1.830090695,0.05398688,0.033821285,321.4342625,43.95147343,41.36155484,7.970213988,16.5041872,1.440090764,8.725608517,6.530123224,-223.9771081,169.8867364,23.24089784,290.5847886,-0.030699574,0.034462961,2.728497594,74,12,1,0,37154.59829,0,0,0,0,#DIV/0!,-1,RECT-6817-20210614-15_00_03,231.2902308,263.757,0.123093488,0.5,1681.167735,2.843544168,103.4704006,1,0.002286235,-1,-,0,263.757,0.123093488,#DIV/0!,0.123093488,#DIV/0!,-,-,-,-,-,-,-,-,1999.965161,1681.167735,0.84059851,0.191197021,6,0.5,0: Broadleaf,1623700794,395.1444839,399.9949355,19.42950645,14.44930968,599.9963548,74.01874516,0.100006513,43.08342903,41.36155484,999.9,10001.99548,0,1808.8,1999.965161,0.980000484,0.0199997,0,231.305129,5.00005,7799.285161,16663.35484,54.93509677,56.651,55.58029032,55.59654839,57.12093548,1955.065161,39.9,0,511.3,231.2902308,-3.859008548,-139.6321367,7798.669231,15,1623700312,14:51:51,5,7.358,-1.102,400,15,1.3,0.19,-4.881379302,0.324355994,0.063806339,1,231.5429714,-4.34869258,0.474521623,0,4.976118837,0.063212627,0.006649683,1,2,3,3-Feb,100,100,7.358,-1.102,2,700.825,327.225,41.6247,39.9691,29.9996,39.6,39.5537,26.26,-30,-30,-999.9,400,20,109.609,97.1687
Almont,1,Control,geutri_1,p,24,1623700805,1640.3,20210614 15:00:05,15:00:05,default,1623700795,0.005080236,2.83828693,395.1499677,261.852221,19.40814849,29.28800535,0.054870971,1.830111099,0.053973131,0.03381265,321.4356373,43.95389261,41.36940645,7.973525595,16.50186977,1.440111686,8.72696068,6.533413909,-224.0384219,169.4064453,23.17612636,289.9797872,-0.030700049,0.034463495,2.728531899,74,12,1,0,37154.80016,0,0,0,0,#DIV/0!,-1,RECT-6818-20210614-15_00_07,233.7239231,264.867,0.117580057,0.5,1681.1748,2.83828693,98.83631429,1,0.002283098,-1,-,0,264.867,0.117580057,#DIV/0!,0.117580057,#DIV/0!,-,-,-,-,-,-,-,-,1999.973548,1681.1748,0.840598518,0.191197035,6,0.5,0: Broadleaf,1623700795,395.1499677,399.9957419,19.4298,14.44823871,599.9960323,74.01869677,0.100011916,43.08639355,41.36940645,999.9,10002.15677,0,1808.587742,1999.973548,0.980000258,0.01999991,0,231.3211935,5.00005,7800.244194,16663.42581,54.93912903,56.653,55.58232258,55.59858065,57.12496774,1955.072903,39.90064516,0,2.700000048,233.7239231,39.77603,31213.3759,9743.195769,15,1623700312,14:51:51,5,7.358,-1.102,400,15,1.3,0.19,-4.865247442,0.506701058,0.069495217,0,233.2338,24.25810435,7.23675914,0,4.98127093,0.08627603,0.009493619,1,1,3,3-Jan,100,100,7.358,-1.102,2,701.062,327.276,41.6307,39.9661,29.9998,39.5971,39.5507,26.259,-30,-30,-999.9,400,20,109.611,97.1699
Almont,1,Control,geutri_1,p,25,1623700809,1643.8,20210614 15:00:08,15:00:08,default,1623700796,0.005095324,2.823934029,395.1526129,261.9527318,19.4155931,29.28819367,0.054798799,1.83057926,0.053903523,0.033768921,321.436667,43.96148775,41.43432258,8.000951228,16.5003636,1.441013163,8.733220661,6.559938065,-224.7037716,164.3971619,22.49347007,283.6235274,-0.030710948,0.034475729,2.729319008,74,12,1,0,37165.83704,0,0,0,0,#DIV/0!,-1,RECT-6819-20210614-15_00_10,236.2637692,263.106,0.102020595,0.5,1681.180219,2.823934029,85.75750346,1,0.002274553,-1,-,0,263.106,0.102020595,#DIV/0!,0.102020595,#DIV/0!,-,-,-,-,-,-,-,-,1999.98,1681.180219,0.840598516,0.191197031,6,0.5,0: Broadleaf,1623700796,395.1526129,399.99,19.44196774,14.44568387,599.9971935,74.01870323,0.0999859,43.1001129,41.43432258,999.9,10005.70677,0,1808.082903,1999.98,0.98000029,0.019999861,0,231.3685484,5.00005,7800.876452,16663.48387,54.95725806,56.657,55.5863871,55.60264516,57.13303226,1955.079355,39.90064516,0,3.099999905,236.2637692,53.93169456,39098.45659,11689.655,15,1623700312,14:51:51,5,7.358,-1.102,400,15,1.3,0.19,-4.831555116,0.27742635,0.043239863,1,235.0691714,41.37069365,9.608829756,0,5.005036744,0.374731353,0.055869628,0,1,3,3-Jan,100,100,7.358,-1.102,2,701.073,327.304,41.6376,39.9637,30.0001,39.5937,39.5483,26.2609,-30,-30,-999.9,400,20,109.611,97.1704
Almont,1,Control,geutri_1,p,26,1623700812,1646.8,20210614 15:00:11,15:00:11,default,1623700797,0.005109838,2.8181113,395.1525161,261.9513573,19.41549833,29.28819722,0.054785322,1.830281883,0.05389034,0.033760655,321.4320487,43.96485708,41.48209355,8.021185555,16.50336742,1.441953325,8.737327892,6.57923223,-225.3438443,160.5444448,21.97582245,278.6084717,-0.030704025,0.034467958,2.728819029,74,12,1,0,37156.74468,0,0,0,0,#DIV/0!,-1,RECT-6820-20210614-15_00_13,238.7364615,263.218,0.093008603,0.5,1681.156084,2.8181113,78.18098938,1,0.002271122,-1,-,0,263.218,0.093008603,#DIV/0!,0.093008603,#DIV/0!,-,-,-,-,-,-,-,-,1999.95129,1681.156084,0.840598515,0.191197029,6,0.5,0: Broadleaf,1623700797,395.1525161,399.9898065,19.45464516,14.44420323,599.9982903,74.01870968,0.100006584,43.10910968,41.48209355,999.9,10003.45032,0,1807.784839,1999.95129,0.980000258,0.019999887,0,231.3902903,5.00005,7800.564194,16663.24516,54.97135484,56.659,55.58841935,55.60667742,57.13906452,1955.05129,39.9,0,2.5,238.7364615,49.26333527,35396.71255,13625.96385,15,1623700312,14:51:51,5,7.358,-1.102,400,15,1.3,0.19,-4.826788605,0.032700561,0.035259518,1,236.8125429,55.57454956,11.15089796,0,5.045829535,0.855524565,0.11550267,0,1,3,3-Jan,100,100,7.358,-1.102,2,701.021,327.292,41.6437,39.9607,30,39.5908,39.5454,26.2604,-30,-30,-999.9,400,20,109.612,97.1708
Almont,1,Control,geutri_1,p,27,1623700815,1649.7,20210614 15:00:14,15:00:14,default,1623700798,0.005128621,2.809761714,395.1527097,261.9947517,19.4187223,29.28822309,0.054777832,1.830221125,0.053883063,0.033756089,321.426743,43.96802462,41.54112903,8.046252402,16.50842924,1.443193109,8.742158861,6.603059293,-226.1721815,155.7577154,21.32836144,272.3406384,-0.03070261,0.03446637,2.728716879,74,12,1,0,37153.86036,0,0,0,0,#DIV/0!,-1,RECT-6821-20210614-15_00_16,240.9745385,262.584,0.082295424,0.5,1681.128416,2.809761714,69.17458765,1,0.002266193,-1,-,0,262.584,0.082295424,#DIV/0!,0.082295424,#DIV/0!,-,-,-,-,-,-,-,-,1999.918387,1681.128416,0.84059851,0.19119702,6,0.5,0: Broadleaf,1623700798,395.1527097,399.9890645,19.47136452,14.4426,599.9994194,74.01873226,0.100013155,43.1196871,41.54112903,999.9,10002.98645,0,1807.522581,1999.918387,0.980000419,0.019999713,0,231.4311935,5.00005,7800.701613,16662.96774,54.98951613,56.66303226,55.59045161,55.61070968,57.14712903,1955.019355,39.89903226,0,2.299999952,240.9745385,19.14944154,16879.01692,15570.26423,15,1623700312,14:51:51,5,7.358,-1.102,400,15,1.3,0.19,-4.839754884,-0.095541724,0.043895055,1,238.4459143,49.29800561,12.34697699,0,5.127636744,1.628331054,0.19127704,0,1,3,3-Jan,100,100,7.358,-1.102,2,701.293,327.24,41.6499,39.9577,29.9999,39.587,39.5426,26.2625,-30,-30,-999.9,400,20,109.612,97.1691
Almont,1,Control,geutri_1,p,28,1623700818,1652.8,20210614 15:00:17,15:00:17,default,1623700799,0.005150944,2.800134468,395.1529032,262.0672838,19.42409393,29.28823086,0.054782039,1.830114604,0.053887083,0.033758617,321.4290779,43.97133201,41.60759355,8.074554821,16.51500366,1.44467516,8.747652678,6.629879661,-227.1566085,150.377129,20.60046109,265.2500596,-0.030700131,0.034463586,2.728537791,74,12,1,0,37149.56913,0,0,0,0,#DIV/0!,-1,RECT-6822-20210614-15_00_19,242.0256923,261.25,0.073585867,0.5,1681.140619,2.800134468,61.85409481,1,0.00226045,-1,-,0,261.25,0.073585867,#DIV/0!,0.073585867,#DIV/0!,-,-,-,-,-,-,-,-,1999.932903,1681.140619,0.84059851,0.191197021,6,0.5,0: Broadleaf,1623700799,395.1529032,399.9884516,19.49136452,14.44081613,599.9995484,74.01870968,0.100019106,43.13170968,41.60759355,999.9,10002.18161,0,1807.282903,1999.932903,0.980000452,0.019999665,0,231.3989677,5.00005,7799.301613,16663.0871,55.01170968,56.66706452,55.59448387,55.61677419,57.15719355,1955.033548,39.89935484,0,2.599999905,242.0256923,-27.38872023,-13376.54959,16537.49269,15,1623700312,14:51:51,5,7.358,-1.102,400,15,1.3,0.19,-4.83771,-0.041974325,0.044332916,1,240.0755143,38.472304,13.10819895,0,5.199839767,2.127299439,0.234580667,0,1,3,3-Jan,100,100,7.358,-1.102,2,701.197,327.214,41.6556,39.9548,29.9999,39.5841,39.5397,26.2607,-30,-30,-999.9,400,20,109.612,97.1699
Almont,1,Control,geutri_1,p,29,1623700821,1655.8,20210614 15:00:20,15:00:20,default,1623700800,0.005175649,2.790352646,395.1521935,262.1314167,19.42884013,29.28816733,0.054790565,1.830137906,0.053895344,0.033763804,321.4290779,43.97475807,41.67982258,8.105409644,16.52238713,1.446314557,8.753665836,6.659095087,-228.2461374,144.5500877,19.80998482,257.543013,-0.030700673,0.034464195,2.728576966,74,12,1,0,37148.6526,0,0,0,0,#DIV/0!,-1,RECT-6823-20210614-15_00_22,241.59,259.678,0.069655496,0.5,1681.140619,2.790352646,58.5503422,1,0.002254632,-1,-,0,259.678,0.069655496,#DIV/0!,0.069655496,#DIV/0!,-,-,-,-,-,-,-,-,1999.932903,1681.140619,0.84059851,0.191197021,6,0.5,0: Broadleaf,1623700800,395.1521935,399.9877097,19.51349032,14.43884194,600.0007097,74.01868065,0.100020481,43.14486129,41.67982258,999.9,10002.36226,0,1807.07871,1999.932903,0.980000484,0.019999616,0,231.377871,5.00005,7798.584839,16663.09032,55.03793548,56.67109677,55.59851613,55.62283871,57.17129032,1955.033548,39.89935484,0,2.5,241.59,-21.59745385,-6840.07902,16501.33885,15,1623700312,14:51:51,5,7.358,-1.102,400,15,1.3,0.19,-4.839172093,-0.2456871,0.046415694,1,241.6408,6.117213773,13.45373663,0,5.314523488,2.571049776,0.270967515,0,1,3,3-Jan,100,100,7.358,-1.102,2,701.124,327.175,41.66,39.9519,29.9998,39.5812,39.5367,26.2623,-30,-30,-999.9,400,20,109.614,97.1704
Almont,1,Control,geutri_1,p,30,1623700824,1659.3,20210614 15:00:24,15:00:24,default,1623700802,0.005228459,2.763702316,395.1560645,262.4606318,19.45322669,29.28843251,0.05482241,1.829939823,0.053926062,0.033783102,321.4300717,43.98222138,41.82963226,8.16973104,16.53804332,1.449815231,8.766546338,6.719915809,-230.5750413,132.5315426,18.18022107,241.5667941,-0.030696062,0.034459019,2.728243946,74,12,1,0,37139.99369,0,0,0,0,#DIV/0!,-1,RECT-6824-20210614-15_00_26,240.8566923,258.41,0.067928129,0.5,1681.14602,2.763702316,57.09855144,1,0.002238772,-1,-,0,258.41,0.067928129,#DIV/0!,0.067928129,#DIV/0!,-,-,-,-,-,-,-,-,1999.939355,1681.14602,0.840598499,0.191196998,6,0.5,0: Broadleaf,1623700802,395.1560645,399.9858065,19.56073548,14.43456774,600.0021935,74.01861613,0.100029997,43.17300645,41.82963226,999.9,10000.86871,0,1806.710323,1999.939355,0.980000774,0.019999319,0,231.2860323,5.00005,7796.683548,16663.14516,55.09641935,56.67916129,55.60658065,55.63896774,57.20354839,1955.040323,39.89870968,0,2.900000095,240.8566923,-31.06700574,-18303.94366,16436.21346,15,1623700312,14:51:51,5,7.358,-1.102,400,15,1.3,0.19,-4.830668372,0.036625616,0.055259567,1,241.3195714,-4.671742317,12.70294792,0,5.439390233,2.545869686,0.268471168,0,1,3,3-Jan,100,100,7.358,-1.102,2,701.179,327.129,41.6668,39.9484,29.9998,39.5777,39.5324,26.2622,-30,-30,-999.9,400,20,109.615,97.1725
Almont,1,Control,geutri_1,p,31,1623700827,1662.2,20210614 15:00:27,15:00:27,default,1623700803,0.005255466,2.752995773,395.1566129,262.5638087,19.46087258,29.28847098,0.054846189,1.829867765,0.053949036,0.033797531,321.4332666,43.98601126,41.90371613,8.201702248,16.54595238,1.451596601,8.773122075,6.750105647,-231.7660436,126.6339454,17.37919151,233.6803599,-0.030694385,0.034457136,2.728122803,74,12,1,0,37136.361,0,0,0,0,#DIV/0!,-1,RECT-6825-20210614-15_00_29,241.3015385,258.57,0.066784474,0.5,1681.162578,2.752995773,56.13777954,1,0.002232381,-1,-,0,258.57,0.066784474,#DIV/0!,0.066784474,#DIV/0!,-,-,-,-,-,-,-,-,1999.959032,1681.162578,0.840598508,0.191197015,6,0.5,0: Broadleaf,1623700803,395.1566129,399.9863226,19.58477097,14.43225161,600.0022581,74.01860645,0.100034174,43.18736129,41.90371613,999.9,10000.32355,0,1806.622581,1999.959032,0.980000419,0.019999674,0,231.1999677,5.00005,7794.888387,16663.30645,55.12867742,56.68319355,55.6106129,55.64703226,57.22167742,1955.059032,39.89967742,0,2.099999905,241.3015385,-45.79139357,-31053.94429,17363.26308,15,1623700312,14:51:51,5,7.358,-1.102,400,15,1.3,0.19,-4.828025349,0.188208323,0.057082972,1,240.5266,-9.615081725,12.79365474,0,5.548981395,2.089831116,0.225624599,0,1,3,3-Jan,100,100,7.358,-1.102,2,701.273,326.987,41.6727,39.9454,29.9994,39.5739,39.5295,26.2618,-30,-30,-999.9,400,20,109.615,97.1751
Almont,2,Control,wyeamp_3,p,32,1623701823,2658.3,20210614 15:17:03,15:17:03,default,1623701815,0.013056972,10.44033103,384.5324194,251.8813813,18.66462808,28.49418466,0.184459867,1.828395858,0.174709777,0.110026651,321.4379722,39.66898165,39.26831935,7.128725816,23.47832424,1.929257358,8.217185087,5.199468458,-575.812452,263.305212,35.50199216,44.43272438,-0.030660131,0.034418683,2.725648479,73,12,1,0,37243.22817,0,0,0,0,#DIV/0!,-1,RECT-6826-20210614-15_17_05,660.5118462,800.405,0.174777961,0.5,1681.187003,10.44033103,146.9172182,1,0.006804913,-1,-,0,800.405,0.174777961,#DIV/0!,0.174777961,#DIV/0!,-,-,-,-,-,-,-,-,1999.988065,1681.187003,0.840598518,0.191197036,6,0.5,0: Broadleaf,1623701815,384.5324194,399.9935161,26.03555806,13.31858387,600.0024516,74.00087742,0.099986981,41.93950323,39.26831935,999.9,9991.556774,0,1953.923548,1999.988065,0.979998484,0.0200019,0,660.548,5.00005,18425.72258,16663.54839,54.788,56.937,55.683,55.125,56.875,1955.087097,39.90096774,0,995.5,660.5118462,0.365675201,-73.26837566,18426.20385,15,1623701759,15:15:59,7,7.414,-1.1,400,13,0.21,0.01,-15.45103488,-0.183472455,0.047427177,1,660.5399429,0.037690102,0.213505295,1,12.71490698,0.054191951,0.007681582,1,3,3,3-Mar,100,100,7.414,-1.1,2,702.447,316.866,40.8428,38.9905,30.0006,38.6167,38.5603,26.3249,-30,-30,-999.9,400,20,109.796,97.3804
Almont,2,Control,wyeamp_3,p,33,1623701826,2661.3,20210614 15:17:06,15:17:06,default,1623701816,0.01305861,10.44927775,384.5258065,251.8334838,18.66107395,28.49368718,0.18452097,1.828267876,0.174763959,0.11006109,321.4341262,39.66807519,39.26604194,7.127853994,23.47915017,1.929316372,8.217147375,5.198537622,-575.8847057,263.5026719,35.53070237,44.58279473,-0.030657153,0.03441534,2.725433358,73,12,1,0,37239.76815,0,0,0,0,#DIV/0!,-1,RECT-6827-20210614-15_17_08,667.9289231,778.796,0.142357019,0.5,1681.166932,10.44927775,119.6629564,1,0.006810316,-1,-,0,778.796,0.142357019,#DIV/0!,0.142357019,#DIV/0!,-,-,-,-,-,-,-,-,1999.964194,1681.166932,0.840598516,0.191197031,6,0.5,0: Broadleaf,1623701816,384.5258065,399.9964194,26.03636129,13.31778065,600.0014516,74.00085806,0.099986923,41.93941613,39.26604194,999.9,9990.589032,0,1953.933548,1999.964194,0.979998677,0.0200017,0,659.997,5.00005,18415.45161,16663.35161,54.788,56.937,55.683,55.125,56.875,1955.063871,39.90032258,0,2.299999952,667.9289231,124.3695857,94683.92498,23821.62308,15,1623701759,15:15:59,7,7.414,-1.1,400,13,0.21,0.01,-15.4627093,-0.422795496,0.063783631,1,666.4606,88.55353178,26.69101306,0,12.71673488,0.046297622,0.007217191,1,2,3,3-Feb,100,100,7.414,-1.1,2,702.897,316.841,40.839,38.9925,30.0009,38.6195,38.5631,26.3247,-30,-30,-999.9,400,20,109.795,97.3797
Almont,2,Control,wyeamp_3,p,34,1623701829,2664.3,20210614 15:17:09,15:17:09,default,1623701817,0.013075452,10.4514589,384.5189355,251.9564283,18.67017744,28.49316766,0.184821169,1.828078672,0.175032333,0.110231472,321.4367185,39.66519388,39.26558387,7.127678653,23.48815924,1.930455627,8.218845961,5.197223026,-576.6274217,263.9071387,35.58951557,44.305951,-0.030652752,0.034410399,2.725115338,73,12,1,0,37234.17395,0,0,0,0,#DIV/0!,-1,RECT-6828-20210614-15_17_11,674.1614615,775.468,0.130639225,0.5,1681.18049,10.4514589,109.8140581,1,0.006811558,-1,-,0,775.468,0.130639225,#DIV/0!,0.130639225,#DIV/0!,-,-,-,-,-,-,-,-,1999.980323,1681.18049,0.840598516,0.191197031,6,0.5,0: Broadleaf,1623701817,384.5189355,399.998129,26.05174516,13.31695161,600.0009355,74.00082258,0.099995442,41.94333871,39.26558387,999.9,9989.159355,0,1953.896129,1999.980323,0.979998742,0.020001616,0,659.334129,5.00005,18402.88387,16663.48387,54.79406452,56.937,55.683,55.127,56.877,1955.079677,39.90064516,0,2.099999905,674.1614615,166.8781181,143981.8416,29149.09615,15,1623701759,15:15:59,7,7.414,-1.1,400,13,0.21,0.01,-15.51781163,-0.83969153,0.11214715,0,670.6302,113.8113868,36.58507669,0,12.75717442,0.633344803,0.1090519,0,0,3,0/3,100,100,7.414,-1.1,2,703.362,316.828,40.835,38.9953,30.0011,38.6216,38.5659,26.3258,-30,-30,-999.9,400,20,109.794,97.3795
Almont,2,Control,wyeamp_3,p,35,1623701833,2667.8,20210614 15:17:12,15:17:12,default,1623701818,0.013148875,10.44280676,384.4987742,252.5649008,18.71525981,28.49166465,0.18599128,1.828141495,0.176081994,0.11089754,321.4355134,39.65004101,39.27294194,7.130495675,23.53309195,1.935540959,8.224762656,5.194954716,-579.8653823,264.5371282,35.67683673,41.78409605,-0.030654213,0.03441204,2.725220932,72,12,1,0,37234.2618,0,0,0,0,#DIV/0!,-1,RECT-6829-20210614-15_17_14,679.1319231,783.758,0.133492834,0.5,1681.17449,10.44280676,112.2123739,1,0.006806436,-1,-,0,783.758,0.133492834,#DIV/0!,0.133492834,#DIV/0!,-,-,-,-,-,-,-,-,1999.973226,1681.17449,0.840598498,0.191196997,6,0.5,0: Broadleaf,1623701818,384.4987742,399.9972581,26.12038065,13.315,600.0019032,74.00079032,0.100004184,41.95699677,39.27294194,999.9,9989.64,0,1953.82129,1999.973226,0.979999161,0.020001168,0,657.9776452,5.00005,18377.89677,16663.42903,54.82025806,56.937,55.683,55.131,56.88506452,1955.073871,39.89935484,0,3.099999905,679.1319231,55.1170129,86408.90706,34458.23846,15,1623701759,15:15:59,7,7.414,-1.1,400,13,0.21,0.01,-15.55859302,-1.054861105,0.126894168,0,674.7338286,106.8512717,44.02815052,0,12.90018605,2.425559071,0.329528856,0,0,3,0/3,100,100,7.414,-1.1,2,703.659,316.808,40.8306,38.9986,30.0008,38.6246,38.5701,26.3241,-30,-30,-999.9,400,20,109.792,97.379
Almont,2,Control,wyeamp_3,p,36,1623701836,2670.8,20210614 15:17:15,15:17:15,default,1623701819,0.013199049,10.43567945,384.4886452,252.9651805,18.74491513,28.49090538,0.186751593,1.828308844,0.176764323,0.111330489,321.4304317,39.63846185,39.28062258,7.133437226,23.56557569,1.939030752,8.228234175,5.194406474,-582.0780617,264.593776,35.68388819,39.6300342,-0.030658107,0.03441641,2.725502219,72,12,1,0,37237.85142,0,0,0,0,#DIV/0!,-1,RECT-6830-20210614-15_17_17,685.4641923,771.918,0.111998694,0.5,1681.147916,10.43567945,94.14318531,1,0.006802304,-1,-,0,771.918,0.111998694,#DIV/0!,0.111998694,#DIV/0!,-,-,-,-,-,-,-,-,1999.941613,1681.147916,0.840598498,0.191196996,6,0.5,0: Broadleaf,1623701819,384.4886452,399.999129,26.16748387,13.3138871,600.0030968,74.00077419,0.099997665,41.96500645,39.28062258,999.9,9990.910968,0,1953.788065,1999.941613,0.979999226,0.020001094,0,657.2092581,5.00005,18363.76774,16663.16452,54.8363871,56.937,55.683,55.133,56.89109677,1955.042903,39.89870968,0,2.400000095,685.4641923,-25.65094707,25618.79272,39817.88077,15,1623701759,15:15:59,7,7.414,-1.1,400,13,0.21,0.01,-15.62537209,-1.272408739,0.149262421,0,679.6285714,104.1477096,50.20077763,0,13.0906907,4.282209382,0.509860741,0,0,3,0/3,100,100,7.414,-1.1,2,703.566,316.821,40.8267,39.0014,30.0007,38.6265,38.5728,26.3267,-30,-30,-999.9,400,20,109.791,97.3772
Almont,2,Control,wyeamp_3,p,37,1623701839,2674.3,20210614 15:17:19,15:17:19,default,1623701821,0.013315594,10.40805862,384.4692903,253.9273071,18.81620793,28.48946887,0.188437825,1.828132705,0.178273733,0.112288577,321.4301381,39.61098365,39.30403548,7.142410446,23.64107874,1.947145347,8.236279607,5.195265099,-587.2176988,264.0891646,35.6264135,33.9280174,-0.030654009,0.03441181,2.725206157,72,12,1,0,37230.88264,0,0,0,0,#DIV/0!,-1,RECT-6831-20210614-15_17_21,685.1755,779.043,0.120490782,0.5,1681.146542,10.40805862,101.2813304,1,0.00678588,-1,-,0,779.043,0.120490782,#DIV/0!,0.120490782,#DIV/0!,-,-,-,-,-,-,-,-,1999.94,1681.146542,0.840598489,0.191196978,6,0.5,0: Broadleaf,1623701821,384.4692903,399.9966774,26.27699355,13.31138387,600.0041935,74.00073871,0.100027165,41.98355806,39.30403548,999.9,9989.580323,0,1953.645161,1999.94,0.979999613,0.020000671,0,655.6270323,5.00005,18334.93871,16663.15484,54.87270968,56.937,55.683,55.137,56.90722581,1955.041935,39.89806452,0,2.900000095,685.1755,-130.0844752,-58435.28673,42314.89231,15,1623701759,15:15:59,7,7.414,-1.1,400,13,0.21,0.01,-15.65112326,-1.060250064,0.139885729,0,683.3452,66.64648093,54.08460758,0,13.27634419,5.57719153,0.61921315,0,0,3,0/3,100,100,7.414,-1.1,2,703.748,316.667,40.8222,39.0047,30.0006,38.629,38.5751,26.3256,-30,-30,-999.9,400,20,109.79,97.3764
Almont,2,Control,wyeamp_3,p,38,1623701842,2677.3,20210614 15:17:22,15:17:22,default,1623701822,0.013379623,10.39614127,384.4563226,254.3980069,18.85107576,28.48849074,0.18932911,1.828233066,0.179071981,0.112795219,321.4336571,39.59590086,39.3191129,7.148194192,23.6827944,1.9516036,8.240596812,5.196590592,-590.0413676,263.5981262,35.56247233,30.55288807,-0.030656344,0.034414431,2.725374848,72,12,1,0,37232.42654,0,0,0,0,#DIV/0!,-1,RECT-6832-20210614-15_17_24,683.6188462,767.778,0.109613917,0.5,1681.164977,10.39614127,92.13953902,1,0.006778717,-1,-,0,767.778,0.109613917,#DIV/0!,0.109613917,#DIV/0!,-,-,-,-,-,-,-,-,1999.961935,1681.164977,0.840598487,0.191196974,6,0.5,0: Broadleaf,1623701822,384.4563226,399.9962258,26.33717419,13.31003226,600.0045806,74.0007,0.100021113,41.99350645,39.3191129,999.9,9990.346452,0,1953.615484,1999.961935,0.979999742,0.020000523,0,654.838129,5.00005,18320.52258,16663.33548,54.89490323,56.937,55.683,55.14103226,56.91932258,1955.063548,39.8983871,0,2.099999905,683.6188462,-71.38190454,-26718.34153,42224.28077,15,1623701759,15:15:59,7,7.414,-1.1,400,13,0.21,0.01,-15.69315116,-0.944374834,0.134404911,0,686.8154571,-18.19816721,57.92511443,0,13.56900698,6.699845367,0.708736876,0,0,3,0/3,100,100,7.414,-1.1,2,703.897,316.661,40.8183,39.0068,30.0006,38.6306,38.5764,26.3251,-30,-30,-999.9,400,20,109.788,97.3761
Almont,2,Control,wyeamp_3,p,39,1623701846,2680.8,20210614 15:17:25,15:17:25,default,1623701824,0.013514516,10.37079219,384.4285484,255.3419492,18.92099224,28.486387,0.191150716,1.828321696,0.180701588,0.113829681,321.4381543,39.56511499,39.35443548,7.161759948,23.76889735,1.960980891,8.250197148,5.200779057,-595.9901369,262.3082114,35.39644537,23.15267409,-0.030658406,0.034416746,2.725523823,72,12,1,0,37232.21408,0,0,0,0,#DIV/0!,-1,RECT-6833-20210614-15_17_27,677.9005769,773.72,0.123842505,0.5,1681.188561,10.37079219,104.1013015,1,0.006763544,-1,-,0,773.72,0.123842505,#DIV/0!,0.123842505,#DIV/0!,-,-,-,-,-,-,-,-,1999.99,1681.188561,0.840598484,0.191196967,6,0.5,0: Broadleaf,1623701824,384.4285484,399.9945806,26.46376452,13.307,600.0048387,74.0006,0.100002361,42.0156129,39.35443548,999.9,9991.031935,0,1953.670645,1999.99,0.98,0.020000226,0,653.2396452,5.00005,18291.97419,16663.57097,54.94735484,56.937,55.683,55.14909677,56.94751613,1955.09129,39.89870968,0,3.099999905,677.9005769,-48.76217853,-14151.57397,39490.84615,15,1623701759,15:15:59,7,7.414,-1.1,400,13,0.21,0.01,-15.75840465,-0.406358206,0.083242196,1,683.3188571,-54.2249386,58.44644098,0,13.92997674,6.361301549,0.679158178,0,1,3,3-Jan,100,100,7.414,-1.1,2,704.008,316.673,40.814,39.0099,30.0006,38.6327,38.5793,26.3262,-30,-30,-999.9,400,20,109.787,97.3751
Almont,2,Control,wyeamp_3,p,40,1623701849,2683.8,20210614 15:17:28,15:17:28,default,1623701825,0.013585267,10.35965002,384.4130645,255.7908815,18.95424758,28.48522338,0.192072933,1.828320835,0.181525719,0.114352909,321.4384117,39.54893612,39.37503871,7.169682989,23.81387044,1.965895508,8.255254066,5.203787482,-599.1102779,261.4241515,35.28259933,19.03488465,-0.030658386,0.034416724,2.725522374,72,12,1,0,37230.81457,0,0,0,0,#DIV/0!,-1,RECT-6834-20210614-15_17_30,676.6678077,763.91,0.114204805,0.5,1681.189916,10.35965002,95.99998296,1,0.006756911,-1,-,0,763.91,0.114204805,#DIV/0!,0.114204805,#DIV/0!,-,-,-,-,-,-,-,-,1999.991613,1681.189916,0.840598483,0.191196966,6,0.5,0: Broadleaf,1623701825,384.4130645,399.9949355,26.53010323,13.30536774,600.005129,74.00055161,0.100008458,42.02724839,39.37503871,999.9,9991.031935,0,1953.737097,1999.991613,0.980000032,0.020000177,0,652.3549355,5.00005,18276.43871,16663.58387,54.97758065,56.937,55.683,55.15312903,56.96364516,1955.092903,39.89870968,0,2.5,676.6678077,23.50230746,17594.81325,39427.39615,15,1623701759,15:15:59,7,7.414,-1.1,400,13,0.21,0.01,-15.78273953,-0.342039393,0.07574007,1,682.6867143,-19.61530694,58.41642389,0,14.21194186,4.980482032,0.543964438,0,1,3,3-Jan,100,100,7.414,-1.1,2,704.064,316.602,40.8102,39.0128,30.0004,38.6339,38.5802,26.3259,-30,-30,-999.9,400,20,109.786,97.375
Almont,2,Control,wyeamp_4,p,41,1623702796,3630.4,20210614 15:33:15,15:33:15,default,1623702788,0.015912986,12.62174792,381.3103871,258.4874374,19.15395981,28.25515973,0.245374362,1.830907665,0.228460126,0.144209978,321.4407495,39.24314701,38.5593871,6.861763119,23.58064235,2.009400263,8.521397481,4.852362855,-701.76269,401.9082953,54.11259967,75.69895444,-0.030718594,0.034484313,2.729871176,82,14,1,0,37229.57343,0,0,0,0,#DIV/0!,-1,RECT-6835-20210614-15_33_17,664.2050385,823.019,0.192965122,0.5,1681.201877,12.62174792,162.2066625,1,0.008102387,-1,-,0,823.019,0.192965122,#DIV/0!,0.192965122,#DIV/0!,-,-,-,-,-,-,-,-,2000.005806,1681.201877,0.840598498,0.191196996,6,0.5,0: Broadleaf,1623702788,381.3103871,400.0000968,27.11735484,11.63574194,599.9943871,74.00035806,0.099799397,42.63108065,38.5593871,999.9,10010.67903,0,1236.997419,2000.005806,0.980001387,0.0199982,0,664.1946452,5.00005,17036.63871,16663.70645,55.5,56.24593548,55.756,56.12093548,57.687,1955.105806,39.9,0,946,664.2050385,-0.346290604,38.57094009,17036.83077,15,1623702753,15:32:32,8,7.891,-1.1,400,13,0.23,0.01,-18.71119302,0.048509212,0.055249066,1,664.2357429,-0.464838385,0.25838281,1,15.4745093,0.151774086,0.016517599,0,2,3,3-Feb,100,100,7.891,-1.1,2,687.134,311.541,41.3781,40.0769,30.0011,39.553,39.4889,26.3319,-30,-30,-999.9,400,20,109.449,97.1551
Almont,2,Control,wyeamp_4,p,42,1623702799,3633.4,20210614 15:33:18,15:33:18,default,1623702788,0.015916263,12.62228018,381.3090968,258.4374685,19.15026091,28.25506973,0.245290975,1.830588616,0.228385081,0.144162388,321.4329726,39.24303281,38.56663226,6.864446937,23.58069033,2.00958926,8.522181633,4.854857677,-701.9071869,401.2964161,54.04195375,74.86415546,-0.030711166,0.034475974,2.729334738,82,14,1,0,37220.7331,0,0,0,0,#DIV/0!,-1,RECT-6836-20210614-15_33_20,673.5736154,788.192,0.145419371,0.5,1681.161203,12.62228018,122.2367021,1,0.008102899,-1,-,0,788.192,0.145419371,#DIV/0!,0.145419371,#DIV/0!,-,-,-,-,-,-,-,-,1999.957419,1681.161203,0.840598498,0.191196996,6,0.5,0: Broadleaf,1623702788,381.3090968,400.0005806,27.1199,11.63512903,599.9939677,74.00033548,0.09983671,42.63283548,38.56663226,999.9,10008.26129,0,1237.025161,1999.957419,0.980001387,0.0199982,0,663.5605806,5.00005,17024.60968,16663.30323,55.5,56.24593548,55.758,56.12296774,57.687,1955.058387,39.89903226,0,2.200000048,673.5736154,143.2642084,90721.48413,22659.05,15,1623702753,15:32:32,8,7.891,-1.1,400,13,0.23,0.01,-18.7026,0.026925814,0.055052639,1,671.7779429,105.3974927,32.58252275,0,15.48343023,0.192855949,0.021796314,0,1,3,3-Jan,100,100,7.891,-1.1,2,687.785,311.578,41.382,40.0841,30.0013,39.5591,39.4947,26.3299,-30,-30,-999.9,400,20,109.447,97.1541
Almont,2,Control,wyeamp_4,p,43,1623702802,3636.4,20210614 15:33:21,15:33:21,default,1623702789,0.015936515,12.62350361,381.3007742,258.2865161,19.13907701,28.25445553,0.245083647,1.830537848,0.228204832,0.144047529,321.4317703,39.24080448,38.5962129,6.875413919,23.58971506,2.010969853,8.524773815,4.864444067,-702.8003283,398.9384236,53.73496266,71.30482834,-0.030709984,0.034474647,2.729249381,81,13,1,0,37218.67532,0,0,0,0,#DIV/0!,-1,RECT-6837-20210614-15_33_23,679.9752692,783.544,0.132179853,0.5,1681.154961,12.62350361,111.1074079,1,0.008103657,-1,-,0,783.544,0.132179853,#DIV/0!,0.132179853,#DIV/0!,-,-,-,-,-,-,-,-,1999.95,1681.154961,0.840598496,0.191196991,6,0.5,0: Broadleaf,1623702789,381.3007742,400.0010323,27.13852903,11.63438387,599.9952258,74.00032581,0.099852958,42.63863548,38.5962129,999.9,10007.87742,0,1237.028065,1999.95,0.980001387,0.019998226,0,662.7477742,5.00005,17009.53548,16663.24194,55.50603226,56.24593548,55.76,56.125,57.68903226,1955.05129,39.89870968,0,2.099999905,679.9752692,172.8274899,139978.2558,28083.88846,15,1623702753,15:32:32,8,7.891,-1.1,400,13,0.23,0.01,-18.71182326,-0.532580517,0.075368465,0,675.9349714,121.8418139,42.62112581,0,15.53439535,0.832217817,0.130696385,0,0,3,0/3,100,100,7.891,-1.1,2,688.39,311.446,41.3862,40.09,30.0015,39.5648,39.5019,26.3307,-30,-30,-999.9,400,20,109.445,97.1518
Almont,2,Control,wyeamp_4,p,44,1623702805,3639.4,20210614 15:33:24,15:33:24,default,1623702789,0.015977646,12.62361999,381.2867419,258.1525993,19.12915491,28.25341745,0.245007835,1.830503209,0.22813878,0.144005452,321.4295203,39.23359551,38.63972258,6.891572688,23.61209831,2.013827373,8.528794632,4.877745315,-704.6142093,395.5246128,53.28948965,65.62941336,-0.030709177,0.034473742,2.729191142,81,13,1,0,37216.67753,0,0,0,0,#DIV/0!,-1,RECT-6838-20210614-15_33_26,685.3092308,782.251,0.12392668,0.5,1681.14329,12.62361999,104.1692531,1,0.008103783,-1,-,0,782.251,0.12392668,#DIV/0!,0.12392668,#DIV/0!,-,-,-,-,-,-,-,-,1999.936129,1681.14329,0.84059849,0.19119698,6,0.5,0: Broadleaf,1623702789,381.2867419,400.0025806,27.17709032,11.63354194,599.9950645,74.00031935,0.099863897,42.64762903,38.63972258,999.9,10007.61548,0,1237.036452,1999.936129,0.980001581,0.019998052,0,661.8776774,5.00005,16993.45484,16663.12581,55.51812903,56.24796774,55.762,56.127,57.69306452,1955.038065,39.89806452,0,2.5,685.3092308,77.60352746,109320.2145,33468.26538,15,1623702753,15:32:32,8,7.891,-1.1,400,13,0.23,0.01,-18.76656279,-1.03988424,0.132725483,0,680.5864857,131.0644194,49.78206838,0,15.67062326,2.516308571,0.342726966,0,0,3,0/3,100,100,7.891,-1.1,2,688.687,311.429,41.3915,40.0977,30.0014,39.5706,39.5096,26.3291,-30,-30,-999.9,400,20,109.443,97.1495
Almont,2,Control,wyeamp_4,p,45,1623702808,3642.4,20210614 15:33:27,15:33:27,default,1623702790,0.016034984,12.61852682,381.2722903,258.0882559,19.1243828,28.25234029,0.245086958,1.83056148,0.228207905,0.14404947,321.4231153,39.2223857,38.69130323,6.910771544,23.64498744,2.017820685,8.533820075,4.892950859,-707.1427914,391.5555708,52.76886269,58.60475734,-0.030710534,0.034475265,2.729289115,81,14,1,0,37216.92894,0,0,0,0,#DIV/0!,-1,RECT-6839-20210614-15_33_29,690.7473846,780.221,0.114677271,0.5,1681.109923,12.61852682,96.39254944,1,0.008100914,-1,-,0,780.221,0.114677271,#DIV/0!,0.114677271,#DIV/0!,-,-,-,-,-,-,-,-,1999.896452,1681.109923,0.840598483,0.191196965,6,0.5,0: Broadleaf,1623702790,381.2722903,400.0046129,27.2309871,11.63256774,599.9967742,74.00029677,0.099869987,42.65886452,38.69130323,999.9,10008.06065,0,1237.058065,1999.896452,0.980001774,0.019997877,0,660.9787097,5.00005,16976.94194,16662.79355,55.53625806,56.25,55.764,56.129,57.70112903,1954.999677,39.89677419,0,2.299999952,690.7473846,-27.03975351,54835.90523,38821.60769,15,1623702753,15:32:32,8,7.891,-1.1,400,13,0.23,0.01,-18.83973023,-1.540706194,0.182586044,0,684.6922,116.9350539,55.2652646,0,15.8825907,4.662965672,0.558841944,0,0,3,0/3,100,100,7.891,-1.1,2,688.864,311.456,41.3971,40.1046,30.0014,39.5774,39.5159,26.3305,-30,-30,-999.9,400,20,109.44,97.1467
Almont,2,Control,wyeamp_4,p,46,1623702811,3645.4,20210614 15:33:30,15:33:30,default,1623702791,0.016103957,12.60988315,381.2557742,258.0837859,19.12405955,28.25112823,0.245307633,1.830466046,0.228398479,0.144171024,321.4261014,39.20805019,38.74719032,6.931625654,23.68539857,2.022630868,8.53956864,4.908994786,-710.1845197,387.2876034,52.21351394,50.74269896,-0.030708312,0.034472771,2.729128659,81,13,1,0,37212.83288,0,0,0,0,#DIV/0!,-1,RECT-6840-20210614-15_33_32,689.4901923,779.11,0.11502844,0.5,1681.125639,12.60988315,96.68862962,1,0.008095697,-1,-,0,779.11,0.11502844,#DIV/0!,0.11502844,#DIV/0!,-,-,-,-,-,-,-,-,1999.915161,1681.125639,0.840598477,0.191196954,6,0.5,0: Broadleaf,1623702791,381.2557742,400.0054516,27.29589032,11.63144839,599.9978387,74.00030968,0.099887981,42.67170968,38.74719032,999.9,10007.33484,0,1237.054516,1999.915161,0.980001935,0.019997729,0,660.0100645,5.00005,16959.75161,16662.94839,55.55841935,56.25,55.766,56.13303226,57.71122581,1955.018387,39.89677419,0,2.700000048,689.4901923,-126.1475725,-29496.84497,41316.23462,15,1623702753,15:32:32,8,7.891,-1.1,400,13,0.23,0.01,-18.90856977,-1.734436999,0.197719808,0,687.8438,37.04230304,60.57330647,0,16.15028605,6.616805066,0.73164319,0,0,3,0/3,100,100,7.891,-1.1,2,689.04,311.422,41.4027,40.1118,30.0014,39.5841,39.5227,26.3318,-30,-30,-999.9,400,20,109.436,97.1448
Almont,2,Control,wyeamp_4,p,47,1623702814,3648.4,20210614 15:33:33,15:33:33,default,1623702792,0.016180942,12.60050846,381.2362581,258.10745,19.12581924,28.2496912,0.245624099,1.830386823,0.228672225,0.144345587,321.4265466,39.19171316,38.80590323,6.953592976,23.73088409,2.028001158,8.545830618,4.925591818,-713.5795305,382.856989,51.63631778,42.34032285,-0.030706468,0.0344707,2.728995463,81,14,1,0,37209.04161,0,0,0,0,#DIV/0!,-1,RECT-6841-20210614-15_33_35,691.9098077,776.352,0.10876792,0.5,1681.128068,12.60050846,91.42640168,1,0.008090108,-1,-,0,776.352,0.10876792,#DIV/0!,0.10876792,#DIV/0!,-,-,-,-,-,-,-,-,1999.918065,1681.128068,0.840598471,0.191196943,6,0.5,0: Broadleaf,1623702792,381.2362581,400.0055484,27.36835484,11.63024194,599.9993548,74.00032581,0.099895787,42.68569355,38.80590323,999.9,10006.73161,0,1237.023548,1999.918065,0.980002097,0.019997581,0,659.0296129,5.00005,16941.97097,16662.97419,55.5846129,56.25,55.768,56.13706452,57.72332258,1955.021613,39.89645161,0,2.5,691.9098077,-174.7950892,-77735.25992,43915.01154,15,1623702753,15:32:32,8,7.891,-1.1,400,13,0.23,0.01,-18.98037209,-1.891805267,0.20972691,0,691.9971714,-24.50826398,64.84619076,0,16.45476279,7.937016063,0.840310381,0,0,3,0/3,100,100,7.891,-1.1,2,688.965,311.401,41.4083,40.1178,30.0013,39.5899,39.5294,26.331,-30,-30,-999.9,400,20,109.435,97.1442
Almont,2,Control,wyeamp_4,p,48,1623702817,3651.4,20210614 15:33:36,15:33:36,default,1623702793,0.016263362,12.58898944,381.2177097,258.1597812,19.12970581,28.24832977,0.245997952,1.830227718,0.228994981,0.14455146,321.4238332,39.17429002,38.86680645,6.97644358,23.77925125,2.033753467,8.552638795,4.942690113,-717.2142615,378.3134789,51.04648624,33.56953681,-0.030702764,0.034466542,2.728727962,81,13,1,0,37202.94724,0,0,0,0,#DIV/0!,-1,RECT-6842-20210614-15_33_38,690.2678077,776.661,0.111236682,0.5,1681.113958,12.58898944,93.50076898,1,0.008083324,-1,-,0,776.661,0.111236682,#DIV/0!,0.111236682,#DIV/0!,-,-,-,-,-,-,-,-,1999.90129,1681.113958,0.840598467,0.191196933,6,0.5,0: Broadleaf,1623702793,381.2177097,400.0065484,27.44597097,11.629,600.0010323,74.00034516,0.099910565,42.7008871,38.86680645,999.9,10005.52194,0,1237.019677,1999.90129,0.980002258,0.019997432,0,658.0539677,5.00005,16924.02903,16662.83548,55.61483871,56.25,55.77,56.14309677,57.73745161,1955.005484,39.89580645,0,2.299999952,690.2678077,-142.858738,-58018.16395,43800.38846,15,1623702753,15:32:32,8,7.891,-1.1,400,13,0.23,0.01,-19.04343721,-1.766529094,0.20129254,0,691.359,-33.11793561,65.59345993,0,16.78364884,8.225363795,0.86388194,0,0,3,0/3,100,100,7.891,-1.1,2,689.176,311.408,41.4142,40.1254,30.0012,39.5957,39.5342,26.3296,-30,-30,-999.9,400,20,109.432,97.1435
Almont,2,Control,wyeamp_4,p,49,1623702820,3654.4,20210614 15:33:39,15:33:39,default,1623702794,0.016350253,12.57445806,381.200129,258.2467631,19.13615712,28.24703581,0.246423587,1.830246657,0.229364078,0.144786742,321.4280911,39.15668749,38.92906774,6.999871015,23.82968091,2.039819326,8.559994293,4.96005169,-721.0461504,373.7924749,50.45486082,24.62927645,-0.030703205,0.034467037,2.728759804,81,13,1,0,37201.52692,0,0,0,0,#DIV/0!,-1,RECT-6843-20210614-15_33_41,688.7556538,773.726,0.109819686,0.5,1681.136197,12.57445806,92.31092439,1,0.008074574,-1,-,0,773.726,0.109819686,#DIV/0!,0.109819686,#DIV/0!,-,-,-,-,-,-,-,-,1999.927742,1681.136197,0.840598468,0.191196937,6,0.5,0: Broadleaf,1623702794,381.200129,400.0072581,27.52782258,11.62769677,600.0015161,74.00035806,0.099920661,42.71729032,38.92906774,999.9,10005.66387,0,1237.028387,1999.927742,0.980002129,0.019997594,0,657.0297097,5.00005,16905.93548,16663.05484,55.64709677,56.252,55.77403226,56.14912903,57.7556129,1955.03129,39.89645161,0,2.099999905,688.7556538,-95.31036272,-36542.65484,43720.35385,15,1623702753,15:32:32,8,7.891,-1.1,400,13,0.23,0.01,-19.12452093,-1.214752058,0.146533362,0,688.1734857,-37.89522862,64.8605113,0,17.13222791,7.299253893,0.779471956,0,0,3,0/3,100,100,7.891,-1.1,2,689.233,311.458,41.4201,40.1317,30.0011,39.6014,39.54,26.331,-30,-30,-999.9,400,20,109.43,97.1412
Almont,2,Control,wyeamp_4,p,50,1623702823,3657.4,20210614 15:33:42,15:33:42,default,1623702796,0.01643985,12.55475087,381.1864839,258.373951,19.14558211,28.24602519,0.246868809,1.830342385,0.229750725,0.14503316,321.4303234,39.13907097,38.99254516,7.023826262,23.88097639,2.046067688,8.567772334,4.977758574,-724.9973852,369.2585402,49.85946811,15.55094648,-0.030705433,0.034469539,2.728920749,81,13,1,0,37202.07411,0,0,0,0,#DIV/0!,-1,RECT-6844-20210614-15_33_44,687.8731154,772.515,0.109566655,0.5,1681.147858,12.55475087,92.09887383,1,0.008062795,-1,-,0,772.515,0.109566655,#DIV/0!,0.109566655,#DIV/0!,-,-,-,-,-,-,-,-,1999.941613,1681.147858,0.840598469,0.191196938,6,0.5,0: Broadleaf,1623702796,381.1864839,400.0078065,27.61214516,11.6263,600.0024516,74.00036129,0.09991871,42.73462258,38.99254516,999.9,10006.38968,0,1237.019032,1999.941613,0.980001968,0.019997758,0,655.9812903,5.00005,16887.3871,16663.17097,55.6833871,56.254,55.77806452,56.15516129,57.77577419,1955.044516,39.89677419,0,2.5,687.8731154,-163.3142862,-76660.46307,43684.05385,15,1623702753,15:32:32,8,7.891,-1.1,400,13,0.23,0.01,-19.1692093,-0.432187788,0.079856863,1,687.2349714,-17.17302656,64.34125364,0,17.46267674,5.526100705,0.597700865,0,1,3,3-Jan,100,100,7.891,-1.1,2,689.357,311.391,41.4261,40.1386,30.0011,39.6072,39.5449,26.3289,-30,-30,-999.9,400,20,109.429,97.1408